phrase,target
"External net sales from the printing business fell by 43.7 % , partly due to the termination of the printing contract between Ilkka-Yhtyma 's printing house I-print Oy and sector player HSS Media AB in December 2009 and the fall in printing prices",negative
"Finnish Kemira 's net sales EUR decreased to EUR 1,259.6 mn in January-June 2009 from EUR 1,425.1 mn in January-June 2008",negative
"However , the growth margin slowed down due to the financial crisis",negative
Finnish meat company Atria can no longer promise a sufficient amount of domestic beef to its customers,negative
"Finnish management software solutions provider Ixonos Oyj net profit decreased to 369,000 euro ( $ 575,000 ) for the first quarter of 2008 from 669,000 euro ( $ 1.0 mln ) for the same period of 2007",negative
"Operating profit totaled EUR 3.8 mn , down from EUR 4.5 mn in the corresponding period in 2005",negative
"A total of 16.5 mn passenger ship journeys took place in the northern Baltic Sea in 2007 , slightly down from 16.5 mn in 2006",negative
"Cargo traffic fell 1 % year-on-year to 8,561 tonnes in September 2009",negative
Diluted earnings per share ( EPS ) stood at EUR 0.25 versus EUR 0.42,negative
Operating profit fell to EUR 20.3 mn from EUR 74.2 mn in the second quarter of 2008,negative
The fair value of the company 's investment properties went down to EUR 2.768 billion at the end of 2009 from EUR 2.916 billion a year earlier,negative
"Cerberus Capital Management LP-backed printing paper maker NewPage Corp. has posted mixed second-quarter results , casting a cloud over its planned initial public offering",negative
"In Finland , the Bank of +ï¿½land reports its operating profit fell to EUR 6.1 mn in the second quarter of 2008 from EUR 7.5 mn in the second quarter of 2007",negative
"2009 3 February 2010 - Finland-based steel maker Rautaruukki Oyj ( HEL : RTRKS ) , or Ruukki , said today it slipped to a larger-than-expected pretax loss of EUR46m in the fourth quarter of 2009 from a year-earlier profit of EUR45m",negative
Operating profit was EUR 1.6 mn in 2005 compared to EUR 5.9 mn in 2004,negative
"Operating profit was EUR -0.1 mn , down from EUR 1.3 mn",negative
"YIT lodged counter claims against Neste Oil totaling some EUR25m , primarily based on work carried out under the contract and additional costs incurred due to prolongation of the project",negative
"However , the company saw its net profit for the third quarter down to EUR1 .4 m from EUR1 .5 m for the corresponding period of 2009",negative
"Cash flow after investments amounted to EUR45m , down from EUR46m",negative
"The EU Commission said earlier it had fined ThyssenKrupp , United Technologies Corp 's Otis , Schindler AG and Kone Oyj a total of 992.3 mln eur for alleged cartel activity in the lift market going back twelve years",negative
"HELSINKI Thomson Financial - Shares in Cargotec fell sharply in early afternoon trade after the cargo handling group posted a surprise drop in April-June profits , which overshadowed the large number of new orders received during the three months",negative
"( ADPnews ) - May 4 , 2010 - Finnish cutlery and hand tools maker Fiskars Oyj Abp ( HEL : FISAS ) said today its net profit declined to EUR 12.9 million ( USD 17m ) in the first quarter of 2010 from EUR 17 million in the correspon",negative
"Operating profit margin was 8.3 % , compared to 11.8 % a year earlier",negative
"`` Small firms are suffering at the moment because they are likely to have money trouble , '' he added",negative
"In September alone , the market declined by 10.2 percent year-on-year to 19.28 million liters",negative
Cramo slipped to a pretax loss of EUR 6.7 million from a pretax profit of EUR 58.9 million,negative
Operating profit excluding non-recurring items was EUR 7.8 million compared to EUR 11.2 million,negative
Operating profit in the fourth quarter fell to EUR33m from EUR39m a year earlier,negative
Operating loss totaled EUR 0.3 mn compared to a profit of EUR 2.2 mn in the corresponding period in 2007,negative
Comparable operating profit decreased to EUR 13.8 mn from EUR 17.1 mn in the corresponding period in 2005,negative
Sales by Seppala diminished by 6 per cent,negative
"ADPnews - Feb 5 , 2010 - Finnish real estate investor Sponda Oyj HEL : SDA1V said today that it slipped to a net loss of EUR 81.5 million USD 11.8 m in 2009 from a profit of EUR 29.3 million in 2008",negative
Scanfil has also issued a profit warning,negative
"Earlier today , Geberit 's Finnish rival Uponor OYJ cut its full-year sales growth forecast to 6 pct from 10 pct , blaming tough conditions in Germany and the US , as well as currency factors",negative
"Result before taxes decreased to nearly EUR 14.5 mn , compared to nearly EUR 20mn in the previous accounting period",negative
"Finnish Exel Composites , a technology company that designs , manufactures , and markets composite profiles and tubes for various industrial applications , reports its net sales decreased by 0.6 % in the second quarter of 2010 to EUR 19.2 mn from EUR 19.3 mn in the corresponding period in 2009",negative
Operating profit for continuing operations fell to EUR 48.3 mn from EUR 72.4 mn in the first half of 2007,negative
"Managing Director 's comments : `` Net sales for the first quarter were notably lower than a year before , especially in Finland , Russia and the Baltic countries",negative
"The currency effect had a 3.0 pct , or 20 mln euro ( $ 31.3 mln ) , negative impact on the revenue",negative
"Operating profit decreased to nearly EUR 1.7 mn , however",negative
Finnish media group Talentum has issued a profit warning,negative
"ADP News - Apr 22 , 2009 - Finnish business information systems developer Solteq Oyj HEL : STQ1V said today its net loss widened to EUR 189,000 USD 245,000 for the first quarter of 2009 from EUR 10,000 for the same per",negative
"Operating loss totalled EUR 4.0 mn , compared to a profit of EUR 8.6 mn in the second quarter of 2008",negative
"Exports of goods fell by 59 % , and imports by 16.7 %",negative
Net sales dropped by 6 % year-on-year to EUR 11.9 million,negative
"At this growth rate , paying off the national debt will be extremely painful",negative
"Operating loss of the Pulp & Paper Machinery unit was over EUR 3mn in September 2007 - August 2008 , compared to a profit of EUR 3.7 mn a year earlier",negative
Finnish media company Talentum Oyj 's net profit decreased to 2.5 mln euro ( $ 4.0 mln ) for the first quarter of 2008 from 3.0 mln euro ( $ 4.7 mln ) for the same period of 2007,negative
"20 October 2010 - Finnish environmental management company Lassila & Tikanoja Oyj HEL : LAT1V , or L&T , said Monday it expects its operating profit , excluding non-recurring items , for the whole 2010 to be slightly lower than in 2009",negative
"Sales in Finland decreased by 10.5 % in January , while sales outside Finland dropped by 17 %",negative
Net profit fell by almost half to +ï¿½ 5.5 million from +ï¿½ 9.4 million at the end of 2007,negative
LONDON MarketWatch -- Share prices ended lower in London Monday as a rebound in bank stocks failed to offset broader weakness for the FTSE 100,negative
The real estate company posted a net loss of +ï¿½  x201a -ï¿½ 59.3 million +ï¿½  x201a -ï¿½ 0.21 per share compared with a net profit of +ï¿½  x201a -ï¿½ 31 million +ï¿½  x201a -ï¿½ 0.11 per share for the corresponding quarter of 2007,negative
"Finnish financial software solutions developer BasWare Oyj said its net profit fell to 884,000 euro ( $ 1.2 mln ) for the first quarter of 2007 from 2.0 mln euro ( $ 2.7 mln ) a year earlier",negative
Finnish Bank of +ï¿½land reports its operating profit fell to EUR 4.9 mn in the third quarter of 2007 from EUR 5.6 mn in the third quarter of 2006,negative
Stora Enso Oyj said its second-quarter result would fall by half compared with the same period in 2007,negative
Operating profit fell to EUR 38.1 mn from EUR 55.3 mn in 2007,negative
"The period 's sales dropped to EUR 30.6 million from EUR 38.3 million , according to the interim report , released today",negative
- Net sales for the period are expected to fall well below that of last year and the result after non-recurring items is expected to be in the red,negative
The Elcoteq group recently announced that the last three months of the previous year brought to it a major loss of more than half a billion kroons ( EUR 32 mln ) for the fifth quarter running,negative
Repeats sees 2008 operating profit down y-y ( Reporting by Helsinki Newsroom ) Keywords : TECNOMEN-RESULT,negative
"Food sales totalled EUR 323.5 mn in October 2009 , representing a decrease of 5.5 % from October 2008",negative
The Group 's order portfolio decreased from EUR 42.9 mn in 9-2007 to EUR 33.3 mn in 2-2008,negative
The company said that sales in the three months to the end of March slid to EUR86 .4 m US$ 113.4 m from EUR91 .2 m last year,negative
"Changes in the market situation and tougher price competition have substantially reduced demand for bread packaging manufactured at the Kauhava plant , according to the company",negative
"ADPnews - Aug 3 , 2009 - Finnish media group Ilkka-Yhtyma Oyj HEL : ILK2S said today its net profit fell 45 % on the year to EUR 5.9 million USD 8.4 m in the first half of 2009",negative
"In the building and home improvement trade , net sales totalled EUR 1,173 mn , down from EUR 1,566 mn a year earlier",negative
"Samsung currently occupies third place and lost ground during the quarter , dropping by 1.8 % to an 11.1 % share overall",negative
Okmetic expects its net sales for the first half of 2009 to be less than in 2008,negative
"The company 's profit totaled Ls 578,100 in H1 2007 , down 30.9 % year-on-year",negative
"Profitability ( EBIT % ) was 13.6 % , compared to 14.3 % in Q2 2009",negative
"Lassila & Tikanoja 's operating profit excluding non-recurring and imputed items for the second quarter was EUR11 .3 m , down from EUR13 .8 m a year ago",negative
down to EUR5 .9 m H1 '09 3 August 2009 - Finnish media group Ilkka-Yhtyma Oyj ( HEL : ILK2S ) said today its net profit fell 45 % on the year to EUR5 .9 m in the first half of 2009,negative
Vaisala 's net profit for the third quarter of 2007 dropped to 3.0 mln euro ( $ 4.3 mln ) from 6.8 mln euro ( $ 9.8 mln ) for the same period of 2006,negative
"In July-September 2009 , Konecranes ' sales decreased to EUR 368.7 mn from EUR 520.4 mn in July-September 2008",negative
"( ADP News ) - Feb 4 , 2009 - Finnish broadband data communication systems and solutions company Teleste Oyj ( HEL : TLT1V ) said today its net profit decreased to EUR 5.5 million ( USD 7.2 m ) for 2008 from EUR 9.4 million for 20",negative
Relations with the City have been further damaged by comments from Mr Ashley criticising City investors and analysts as `` cry babies '',negative
"Finnish electronics contract manufacturer Scanfil reports net sales of EUR 58.9 mn in the second quarter of 2007 , down from EUR 62.4 mn a year earlier",negative
"JP Morgan expects that Scala will lower Nobel Biocare 's growth forecast for 2007 from the current guidance of 23-25 pct , as well as the operating margin target from the current 34-35 pct",negative
Profit before taxes decreased to EUR 31.6 mn from EUR 50.0 mn the year before,negative
Pretax loss totaled EUR 117mn compared to a loss of EUR 65mn in the corresponding period,negative
The move was triggered by weak demand for forestry equipment and the uncertain market situation,negative
"In a separate announcement to the Helsinki stock exchange , Atria revealed that the company 's third quarter profits declined from EUR13 .9 m in the third quarter of last year to EUR12 .7 m in this year 's Q3",negative
"Seven-month sales of Ragutis , which is controlled by the Finnish brewery Olvi , declined by 11.2 percent , to 15.41 million liters , and the company held 9.89 percent of the market",negative
"In January-June 2010 , diluted loss per share stood at EUR0 .3 versus EUR0 .1 in the first half of 2009",negative
The operating margin of Aker Yards Cruise & Ferries division went down from 8.3 % to 6.4 % in the first quarter of 2007,negative
"In January-November 2009 , the group 's sales totalled EUR 7,801.7 mn , which was a drop of 12.6 % from the same period of 2008",negative
The net sales decreased to EUR 49.8 million from EUR 59.9 million,negative
"In the building and home improvement trade , sales decreased by 6.3 % , totalling EUR 154.1 mn",negative
Earnings per share ( EPS ) in 2005 decreased to EUR1 .87 from EUR1 .89 in 2003,negative
"The Baltimore Police and Fire Pension , which has about $ 1.5 billion , lost about $ 3.5 million in Madoff Ponzi scheme",negative
11 August 2010 - Finnish measuring equipment maker Vaisala Oyj HEL : VAIAS said today that its net loss widened to EUR4 .8 m in the first half of 2010 from EUR2 .3 m in the corresponding period a year earlier,negative
EPS dropped to EUR0 .2 from EUR0 .3,negative
"( ADP News ) - Feb 12 , 2009 - Finnish construction company Lemminkainen Oyj ( HEL : LEM1S ) said today its net profit decreased to EUR 63.5 million ( USD 81.1 m ) for 2008 from EUR 80.6 million for 2007",negative
"Earnings per share ( EPS ) amounted to EUR1 .37 , down from EUR2 .30",negative
Finnish metal products company Componenta Oyj net profit went slightly down to 25.1 mln euro ( $ 40.2 mln ) for the first half of 2008 from 25.4 mln euro ( $ 40.7 mln ) for the same period of 2007,negative
"However , the orders received during the period under review fell by 17 % quarter-on-quarter from the EUR 213 million recorded in the second quarter of 2010",negative
"Loss after financial items totalled EUR 9.7 mn , compared to a profit of EUR 1.3 mn in the corresponding period in 2008",negative
Operating profit fell to EUR 15.1 mn from EUR 24.6 mn in 2006,negative
"Operating loss totaled EUR 0.8 mn , compared to a profit of EUR 0.5 mn",negative
"The company 's profit before taxes fell to EUR 21.1 mn in the third quarter of 2008 , compared to EUR 35.8 mn in the corresponding period in 2007",negative
"In the fourth quarter of 2008 , net sales decreased to EUR 121.4 mn from EUR 165.5 mn in the fourth quarter of 2007",negative
"Operating profit , excluding non-recurring items , totaled EUR 0.2 mn , down from EUR 0.8 mn in the corresponding period in 2006",negative
"The Finnish national carrier said net loss in April through June was euro26 million , down from a net profit of euro13 million a year earlier",negative
"Furthermore , sales of new passenger cars and light commercial vehicles in the country declined by 5.4 % year-on-year last month",negative
"Pretax loss totalled EUR 49.9 mn , compared to a loss of EUR 15.4 mn in the corresponding period in 2008",negative
"- Demand for fireplace products was lower than expected , especially in Germany",negative
"Finnish shipping company Finnlines , of the Grimaldi Group , reports its net sales decreased to EUR 241.8 mn in January-June 2009 from EUR 384.0 mn in the corresponding period in 2008",negative
Earnings per share ( EPS ) dropped to EUR 0.21 from EUR 0.31,negative
Finnish waste management and cleaning group Lassila & Tikanoja Oyj ( L&T ) net profit went down to 32.2 mln euro ( $ 47.7 mln ) for 2007 from 35.3 mln euro ( $ 52.3 mln ) for 2006,negative
Talentum 's net sales in September were smaller than expected,negative
Operating loss amounted to EUR 0.7 mn compared to a profit of EUR 0.8 mn in the second quarter of 2005,negative
Ruukki Group calculates that it has lost EUR 4mn in the failed project,negative
"During the strike , Finnair estimates to incur a net loss of between EUR2m and EUR2 .5 m per day",negative
"Copper , lead and nickel also dropped ... HBOS ( HBOS ) plummeted 20 % to 70.3 pence after saying this year+ï¿½ ?",negative
"The result will also be burdened by increased fixed costs associated with operations in China , and restructuring costs in Japan",negative
"The steelmaker said that the drop in profit was explained by the continuing economic uncertainty , mixed with the current drought in bank lending , resulting in a decline in demand for its products as customers find it increasingly difficult to fund operations",negative
"Therefore , the company 's 2005 result will remain weaker than that of 2004",negative
The operating margin came down to 2.4 % from 5.7 %,negative
"The period 's sales dropped to EUR30 .6 m from EUR38 .3 m , according to the interim report , released today",negative
"Operating profit totalled EUR 1.22 mn , down from EUR 3.56 mn in the first quarter of 2008",negative
"Sampo Bank 's market share of lending was 13.6 % , down from 14.4 % in the first quarter of 2008",negative
"In the Baltic states the company reports net sales of EUR 11.9 mn , down from EUR 14.2 mn , and an operative EBIT of EUR -2.2 mn , down from EUR -1.7 mn",negative
"The airline estimated that the cancellation of its flights due to the closure of European airspace , and the process of recommencing traffic , have caused a the company a loss of EUR20m , including the costs of stranded passengers ' accommodation",negative
Net sales fell by 5 % from the previous accounting period,negative
"Raute reported a loss per share of EUR0 .86 for the first half of 2009 , against EPS of EUR0 .74 in the corresponding period of 2008",negative
"Operating loss totalled EUR 12.7 mn , compared to a profit of EUR 17.7 mn in the first half of 2008",negative
"Comparable operating profit totaled EUR 4.7 mn , down from EUR 5.1 mn in the corresponding period in 2005 , representing 7.4 % of net sales",negative
The fair value of the company 's investment properties went down to EUR2 .769 bn at the end of September 2009 from EUR2 .878 bn a year earlier,negative
"Agricultural newspaper Maaseudun Tulevaisuus had 318,000 readers , representing a decrease of 6 %",negative
"Revenue for the quarter totaled 27.4 billion , down 2 percent from 28.1 billion in the fourth quarter in 2008",negative
Diluted earnings per share ( EPS ) declined to EUR 0.78 from EUR 1.76,negative
"The OMX Helsinki index was down 0.34 pct at 8,256.02 on turnover of 813.191 mln eur",negative
Pharmaceuticals group Orion Corp reported a fall in its third-quarter earnings that were hit by larger expenditures on R&D and marketing,negative
"Net cash from operating activities was a negative EUR 0.3 mn , compared to EUR 30.9 mn in 2009",negative
Finnish investment group Norvestia Oyj said its net profit fell to 23.5 mln euro $ 30.6 mln in 2006 from 33.5 mln euro $ 43.6 mln in 2005,negative
"Finnish Scanfil , a contract manufacturer and systems supplier for communication and industrial electronics reports net sales of EUR 108.7 mn in the first half of 2008 , down from EUR 111.1 mn a year earlier",negative
"Profit before taxes amounted to EUR 56.5 mn , down from EUR 232.9 mn a year ago",negative
Operating loss totaled EUR 25mn compared to a profit of EUR 63mn in the corresponding period in 2005,negative
Finnair 's total traffic decreased by 8.7 % in terms of revenue passenger kilometres,negative
Finnair said that the cancellation of flights would cause daily losses of  x20ac 2.5 million US$ 3 million,negative
Sanoma News ' advertising sales decreased by 22 % during the year,negative
"According to Finnish petrol station chain St1 's managing director Kim Wiio , the company was forced to make purchases with rising prices in the first half of 2008 , and now consumer prices are going down almost daily due to competition",negative
"Coca-Cola was the market leader of manufacturers with a market share of 36.9 % , down 2.2 % from the corresponding period in 2004-2005",negative
"According to CEO Matti Perkonoja of the parent company HKScan , the company 's performance in the first quarter of 2010 has remained clearly below the level of the corresponding period in 2009",negative
Finnish technology company Raute Corporation ( OMX Helsinki : RUTAV ) issued on Tuesday ( 23 September ) a profit warning for the financial year 2008,negative
Orion 's net profit for the third quarter of 2007 decreased to 36.5 mln euro ( $ 52.1 mln ) from 40.3 mln euro ( $ 57.5 mln ) a year earlier,negative
Pretax profit decreased to EUR 33.8 mn from EUR 40.8 mn in the fourth quarter of 2005,negative
"UPM-Kymmene Corp. , the world 's largest maker of magazine paper , on Tuesday reported a 19-percent profit drop as lower paper prices , higher costs and a strong euro hurt revenue",negative
"Operating profit totaled EUR 6.7 mn , down from EUR 7.2 mn in the corresponding period in 2005",negative
Scanfil issued a profit warning on 10 April 2006,negative
Finnish laboratory liquid handling and diagnostic test systems developer Biohit Oyj OMX Helsinki : BIOBV issued on Tuesday 3 June a profit warning for the financial year 2008,negative
"In Finland , the city of Forssa has said it will not pay compensation to food industry companies HK Ruokatalo and Atria for the lye leak into tap water that occurred in March 2008",negative
Net sales decreased to EUR 220.5 mn from EUR 470.0 mn in the corresponding period in 2009,negative
"Operating result for the 12-month period decreased from the profit of EUR0 .4 m while turnover decreased from EUR5 .6 m , as compared to 2004",negative
The company reported today an operating loss of EUR0 .1 m on net sales of EUR4 .5 m for the first quarter 2008,negative
Device volume in the area decreased by 21 % to 2.7 mn units,negative
"In the building and home improvement trade , sales decreased by 22.5 % to EUR 201.4 mn",negative
"Sales in Finland decreased by 2.0 % , and international sales decreased by 9.3 % in terms of euros , and by 15.1 % in terms of local currencies",negative
"Operating profit totalled EUR 30.2 mn , down from EUR 43.8 mn a year earlier",negative
"Finnish power supply solutions and systems provider Efore Oyj said its net loss widened to 3.2 mln euro $ 4.2 mln for the first quarter of fiscal 2006-2007 ending October 31 , 2007 from 900,000 euro $ 1.2 mln for the same period of fiscal 2005-06",negative
"Production levels have been agreed with producers a long time ago , so a fall in consumption will lead to losses",negative
23 April 2010 - Finnish construction and engineering company Outotec Oyj HEL : OTE1V said today it slipped to a net loss of EUR7 .3 m in the first quarter of 2010 from a net profit of EUR12 .5 m in the corresponding period last year,negative
Finnish developer and manufacturer of mobile phone chargers Salcomp Plc OMX Helsinki : SAL1V on Wednesday 19 November lowered its full-year net sales estimate,negative
"Finnish GeoSentric 's net sales decreased to EUR 939,000 in January-March 2009",negative
L&T 's net profit for the whole 2010 dropped to EUR 36 million from EUR 45 million for 2009,negative
"Net profit in the three months through March 31 fell to (  x20ac ) 103 million ( US$ 165 million ) from (  x20ac ) 131 million a year earlier , the Finnish company said",negative
"Finnish Suominen Corporation that makes wipes , nonwovens , and flexible packaging , expects changes in the market situation to reduce sales of Suominen 's nonwovens and wet wipes from the previously estimated volumes",negative
"Finnish IT solutions provider Affecto Oyj HEL : AFE1V said today its slipped to a net loss of EUR 115,000 USD 152,000 in the second quarter of 2010 from a profit of EUR 845,000 in the corresponding period a year earlier",negative
"( ADP News ) - Jan 22 , 2009 - Finnish mobile phones maker Nokia Oyj ( OMX : NOK1V ) said today its operating profit decreased to EUR 5 billion ( USD 6.5 bn ) for 2008 from EUR 8 billion for 2007",negative
"Making matters more difficult , the company said it has been grappling with higher oil and gas prices , which have pushed up the cost of energy , raw materials and transportation",negative
"In 2009 , Comptel slipped to a net loss of EUR2 .1 m from a profit of EUR6 .6 m in the previous year",negative
"Profit before taxes decreased by 9 % to EUR 187.8 mn in the first nine months of 2008 , compared to EUR 207.1 mn a year earlier",negative
"Nokia shares hit 13.21 euros on Friday , down 50 percent from the start of the year in part because of the slow introduction of touch-screen models",negative
`` Capital expenditure on energy efficiency has unfortunately fallen along with the decline in the economy,negative
Operating profit decreased to EUR 11.2 mn from EUR 16.6 mn,negative
Prices and delivery volumes of broadband products decreased significantly in 2005,negative
"Shares in Royal and Sun Alliance continued to slide back from a 12-month high of 172p last month , after a potential suitor ruled itself out of a takeover bid",negative
"Finnish Bank of +ï¿½land reports operating profit of EUR 2.2 mn in the first quarter of 2010 , down from EUR 6.3 mn in the corresponding period in 2009",negative
"In Finland 's Hobby Hall 's sales decreased by 10 % , and international sales fell by 19 %",negative
Earnings per share EPS in 2005 decreased to EUR0 .66 from EUR1 .15 in 2004,negative
Subscription sales decreased slightly,negative
"Finnish plumbing and heating systems supplier Uponor 's net sales from continuing operations decreased by 9.4 % in 2008 to EUR 949.2 mn from EUR 1,047.4 mn in 2007",negative
"Operating profit , excluding non-recurring items , totalled EUR 1.0 mn , down from EUR 1.6 mn",negative
"Last year , 8.3 million passengers flew the airline , down 4 percent from 2007",negative
Finnish business software group AffectoGenimap Oyj said its net profit halved to 1.2 mln euro ( $ 1.5 mln ) in the first nine months of 2006 from 2.2 mln euro ( $ 2.8 mln ) in the same period of 2005,negative
"Profit for the period totalled EUR 1.1 mn , down from EUR 1.6 mn in the third quarter of 2008",negative
Consolidated operating profit from continuing operations decreased by 62.3 % to EUR 51.2 mn from EUR 135.7 mn in 2007,negative
"Operating loss totalled EUR 5.2 mn , compared to a loss of EUR 3.4 mn in the corresponding period in 2008-2009",negative
Finnish automation solutions developer Cencorp Corporation ( OMX Helsinki : CNC1V ) issued on Thursday ( 18 September ) a profit warning for the third quarter of 2008,negative
Finnish glass technology company Glaston Oyj Abp net profit decreased to 2.6 mln euro ( $ 3.8 mln ) for the first nine months of 2007 from 7.8 mln euro ( $ 11.4 mln ) for the same period of 2006,negative
The company slipped to an operating loss of EUR 2.6 million from a profit of EUR 1.3 million,negative
"YIT 's Baltic sales in the first three quarters of 2008 totaled 106.2 million euros , representing a drop of 29 percent year on year",negative
The sales of the Tiimari segment fell by 4.0 % year-on-year to EUR3 .3 m in June 2010,negative
Reported operating margin was a negative 5.9 %,negative
"Net sales of Finnish Sanoma Learning & Literature , of Finnish media group Sanoma , decreased by 3.6 % in January-June 2009 totalling EUR 162.8 mn , down from EUR 168.8 mn in the corresponding period in 2008",negative
"Publishing Sweden 's operating loss was EUR 1.1 mn in Q1 of 2009 , compared to a profit of EUR 0.6 mn a year ago",negative
"Profit before taxes was EUR 4.0 mn , down from EUR 4.9 mn",negative
"At 1411 CET , ArcelorMittal had lost 7.26 % to EUR 17.38 on Euronext Paris , coming at the lead of the blue-chip fallers",negative
"Operating profit totalled EUR 9.0 mn , down from EUR 9.7 mn in the first half of 2008",negative
Loss for the period totalled EUR 15.6 mn compared to a profit of EUR 6.3 mn in 2008,negative
"In the Baltic countries , sales fell by 42.6 %",negative
"Dealers said the share was largely hit by investor disappointment about a refining margin of just 9.48 usd per barrel for the quarter and the performance of its shipping unit , which saw EBIT drop to 5 mln eur from 20 mln eur a year amid a fall in volumes and tanker rates",negative
Sales of mid-strength beer decreased by 40 %,negative
"The announcement pushed Freenet shares down 6.3 % , or EUR0 .71 , in Frankfurt trade to EUR10 .65 as investors gave up hope United Internet AG and Drillisch would pursue their own takeover and breakup of Freenet",negative
"However , the net sales declined to EUR 803.6 million from EUR 1.2 billion",negative
"Operating loss totalled EUR 0.9 mn , down from a profit of EUR 2.7 mn",negative
"Commission income decreased to EUR 3.8 mn , compared to EUR 4.6 mn in the third quarter of 2007",negative
"Finnish electronics manufacturing services EMS company Elcoteq SE posted a net loss of 66.4 mln euro $ 91.2 mln for the first half of 2007 , compared to a net profit of 7.1 mln euro $ 9.8 mln for the same period of 2006",negative
"In the Baltic countries , sales fell by 40.2 % , and in Russia , by 23.2 % in terms of euros , and by 10.7 % in terms of local currency",negative
"Finnish electronics contract manufacturer Scanfil reports net sales of EUR 241.2 mn in 2006 , down from EUR 321.6 mn in 2005",negative
UPM stock fell 3 percent to EURO 12.49 $ 17.24 in early afternoon trading in Helsinki,negative
"Finnish Scanfil , a systems supplier and contract manufacturer to the communications sector and the electronics industry , reports its net sales totalled EUR 94.7 mn in the first half of 2010 , down from EUR 99.5 mn in the first half of 2009",negative
"Finnish shipping company Finnlines ' pretax loss totalled EUR 6.5 mn in the third quarter of 2009 , compared to a profit of EUR 0.3 mn in the third quarter of 2008",negative
"Operating profits in the half were  0.8 m , down from  0.9 m as Glisten invested in the brand and the management team",negative
Cash flow from operations in January-December 2008 was a negative EUR 18.1 mn compared to EUR 39.0 mn in the corresponding period in 2007,negative
"Finnish textiles and clothing group Marimekko Oyj posted a net profit of 7.99 mln euro $ 10.4 mln for 2006 , compared to 8.4 mln euro $ 10.9 mln for 2005",negative
"Based on the first quarter result , existing order backlog and new order prospects , the company expects that full-year sales will contract by 25 % from 2008 , the gross margin will stay at a healthy level , and the operating profit margin will be lower than in 2008 due to lower sales volume",negative
"ADP News - Feb 13 , 2009 - Finnish retailer Kesko Oyj HEL : KESBV said today its total sales , excluding value added tax VAT , stood at EUR 661.3 million USD 853.1 m in January 2009 , down 15.2 % year-on-ye",negative
"Net sales of Kyro 's main business area , Glaston Technologies , a manufacturer of glass processing machines , decreased to EUR 161.5 mn from EUR 164.1 mn in January-September 2005",negative
"`` The implementation of these programs has had , and will have , negative impacts on 2006 and 2007 earnings , '' Mr Meiklejohn said",negative
"Profit for the period totalled EUR 0.8 mn , down from EUR 1.1 mn in the corresponding period in 2008",negative
"Profit for the period was EUR 10.9 mn , down from EUR 14.3 mn in 2009",negative
"Operating loss before non-recurring items was EUR 0.9 mn , compared to a profit of EUR 11.5 mn in 2008",negative
Operating profit for 2009 lower than outlook published earlier,negative
"Finnish electronics contract manufacturer Scanfil had net sales of EUR 52.2 mn in the first quarter of 2007 , down from EUR 60.1 mn a year before",negative
Cash Flow from Operations for the most recent quarter also reached a eight year low,negative
Net sales have been eaten by the weak US dollar,negative
Return on investment ROI was 4.1 % compared to 43.8 % in the first half of 2008,negative
Market share decreased on the route between Helsinki in Finland and Tallinn in Estonia by 0.1 percentage points to 24.8 %,negative
Finnish communication electronics components supplier Scanfil Oyj Tuesday said sales in the first half of 2006 will be 15 % lower than during the same period a year ago,negative
"Operating profit , excluding non-recurring items , totalled EUR 2.2 mn , down from EUR 2.7 mn in the corresponding period in 2008",negative
The situation of coated magazine printing paper will continue to be weak,negative
"Operating profit totalled EUR 9.6 mn , down from EUR 42.0 mn the year before",negative
"In sales volume , Coca-Cola 's market share has decreased by 2.2 % to 24.2 %",negative
"Operating profit fell to EUR 35.4 mn from EUR 68.8 mn in 2007 , including vessel sales gain of EUR 12.3 mn",negative
"Fiskars , a 360-year-old global business best known for its orange-handled scissors , expects to derive synergies of EUR5 million a year by consolidating certain parts of the housewares division where the two compete",positive
Finnish Aktia Group 's operating profit rose to EUR 17.5 mn in the first quarter of 2010 from EUR 8.2 mn in the first quarter of 2009,positive
"Sales improved to SEK 1,553 mn , compared with SEK 1,408 mn",positive
`` Demand for sports equipment was good in 2005,positive
"In the first nine months of 2010 , the company 's net loss narrowed to EUR 415,000 from EUR 7.4 million for the corresponding period of 2009",positive
"Lithuanian beer makers sold 256.88 million liters of beer in 2005 , a rise of 4.5 per cent from the year-earlier figure of 245.92 million liters",positive
"Finland-based Elcoteq SE , a privately held provider of electronics manufacturing services to communications companies , said Thursday it signed a long-term manufacturing supply deal with communications equipment company Andrew Corp.",positive
Viking Line manages well with its current ferries,positive
27 January 2011 - Finnish IT solutions provider Affecto Oyj ( HEL : AFE1V ) said today it has won a EUR1 .2 m ( USD1 .6 m ) contract from state-owned Lithuanian Social Insurance Institution ( SODRA ),positive
"efficiency improvement measures 20 January 2010 - Finnish stationery and gift retailer Tiimari HEL : TII1V said today that it will continue to improve its operational efficiency , by focusing on its profitable core operations",positive
Pretax profit rose to EUR 17.8 mn from EUR 14.9 mn in 2005,positive
"The Australian company Mirabela Nickel has awarded Outokumpu Technology a contract for grinding technology for its nickel sulfide project in Bahia State , Brazil",positive
"Kesko Agro Eesti , the retailer and wholesaler of grain , agricultural and warehousing machinery and accessories , had net sales of 81 million euros in 2007 , an increase by one-tenth over the preceding year",positive
The stock rose for a third day on Tuesday bringing its three-day rise to GBX10 .50 or 1.8 %,positive
"In the third quarter , net sales increased by 12 % year-on-year to EUR159 .5 m , or by 6 % at comparable currency rates growth",positive
It also said its third quarter diluted EPS came in at 0.34 eur compared with 0.16 eur in the same quarter a year ago,positive
"However , Biohit estimates its total net sales will continue to grow in 2009 , and that favourable trends in net sales will lead to a profit in 2009",positive
"Net income from life insurance doubled to EUR 6.8 mn from EUR 3.2 mn , and net income from non-life insurance rose to EUR 5.2 mn from EUR 1.5 mn in the corresponding period in 2009",positive
The new factory working model and reorganisations would decrease Nokian Tyres ' costs in the factory by EUR 30 million ( USD 38.7 m ),positive
Diluted EPS rose to EUR3 .68 from EUR0 .50,positive
"Finnish Metso Paper has been awarded a contract for the rebuild of Sabah Forest Industries ' ( SFI ) pulp mill in Sabah , Malaysia",positive
Nordea sees a return to positive growth for the Baltic countries in 2011,positive
Construction volumes meanwhile grow at a rate of 10-15 percent annually,positive
"In 2008 , the deal is likely to bring savings of EUR 20mn-25mn",positive
"Digia said its consolidated net sales for January-June 2010 were EUR67 .8 m , up 9.7 % on the same period in 2009 ( EUR61 .9 m )",positive
"Satama 's net profit for the third quarter of 2007 rose to 275,000 euro ( $ 395,000 ) from 270,000 euro ( $ 388,000 ) for the same period of 2006",positive
"For the last quarter of 2010 , Componenta 's net sales doubled to EUR131m from EUR76m for the same period a year earlier , while it moved to a zero pre-tax profit from a pre-tax loss of EUR7m",positive
"According to Viking Line 's Managing Director , Nils-Erik Eklund , the company 's Board of Directors is very satisfied with Viking Line 's performance",positive
Sports equipment sales also progressed well owing to the prolonged winter season,positive
"in Q1 '10 19 April 2010 - Finnish forest machinery and equipment maker Ponsse Oyj HEL : PON1V said today that it expects to swing to a net profit of some EUR6 .3 m in the first quarter of 2010 , from an EUR9 .6 m loss a year earlier",positive
The growth of net sales has continued favourably in the Middle East and Africaand in Asia Pacific,positive
"The company 's scheduled traffic , measured in revenue passenger kilometres RPK , grew by just over 2 % and nearly 3 % more passengers were carried on scheduled flights than in February 2009",positive
`` I am extremely delighted with this project and the continuation of cooperation with Viking Line,positive
Diluted earnings per share ( EPS ) rose to EUR 1.05 from EUR 0.64,positive
"29 September , 2010 Finnish waste management and recycling company Lassila & Tikanoja expands its operations in Russia by introducing its recently completed recycling plant in the city of Dubna near Moscow",positive
Return on capital employed rose by 4.8 percentage points to 19.6 %,positive
Net sales increased to EUR193 .3 m from EUR179 .9 m and pretax profit rose by 34.2 % to EUR43 .1 m. ( EUR1 = USD1 .4,positive
"Revenue grew by 2 percent to  x20ac 580 million $ 743 million , from  x20ac 569 million",positive
Finnish Bank of +ï¿½land 's consolidated net operating profit increased from EUR 4.8 mn in the first quarter of 2005 to EUR 6.4 mn in the first quarter of 2006,positive
"EUR928 ,000 in Q1 2010 6 May 2010 - Finnish textile and clothing design company Marimekko Oyj ( HEL : MMO1V ) said today its net profit rose to EUR928 ,000 in the first quarter of 2010 from EUR13 ,000 in the corresponding period a year earlier",positive
"The company , which makes garden tools , scissors and other consumer goods , said earnings were boosted by 6.9 mln eur of income it received from its 16.7 pct shareholding in Finnish engineering group Wartsila",positive
"In its financial report , published on Friday , SEB said its net profit soared to SEK6 .745 bn in 2010 from a year-earlier SEK1 .114 bn and proposed a 50 % dividend increase to SEK1 .50 per share",positive
"The financial impact is estimated to be some 1.5 MEUR annual improvement in the division 's result , starting from fiscal year 2007",positive
Finnish Outokumpu Technology has been awarded several new grinding technology contracts,positive
"Finnish metal products company Componenta Oyj ( HEL : CTH1V ) said today its net loss narrowed to EUR 500,000 ( USD 680,000 ) in the last quarter of 2010 from EUR 5.3 million for the same period a year earlier",positive
"Net sales surged by 18.5 % to EUR167 .8 m. Teleste said that EUR20 .4 m , or 12.2 % , of the sales came from the acquisitions made in 2009",positive
Profit for the period was EUR 15.6 mn compared to EUR 14.1 mn in 2007,positive
"Danske Bank A-S DANSKE DC jumped 3.7 percent to 133.4 kroner , rebounding from yesterday s 3.5 percent slide",positive
"At the same time profit of the company increased by 10 % in H1 and reached Ls 79,000",positive
Finlan 's listed food industry company HKScan Group controlled companies in the Baltics improved revenues by EUR 3.5 mn to EUR 160.4 mn in 2010 from EUR 156.9 mn in the year before,positive
"Operating profit totaled EUR 37,7 mn , up slightly from EUR 37.2 mn in the corresponding period in 2006",positive
"Ruukki 's delivery volumes and selling prices showed favourable development and the company 's comparable net sales grew by 50 % year-on-year to EUR647m , CEO Sakari Tamminen said",positive
"Finnish broadband data communication systems provider Teleste Oyj HEL : TLT1V said yesterday it returned to a net profit of EUR 2.7 million USD 3.8 m for the first nine months of 2010 versus a net loss of EUR 579,000 for the same period of 2009",positive
"Clothing retail chain Sepp+ï¿½l+ï¿½ 's sales increased by 8 % to EUR 155.2 mn , and operating profit rose to EUR 31.1 mn from EUR 17.1 mn in 2004",positive
"Both operating profit and net sales for the six-month period increased , respectively from EUR18 .1 m and EUR127 .6 m , as compared to the corresponding period in 2006",positive
The company turned to earnings per share ( EPS ) of EUR 0.03 versus loss per share of EUR 0.01,positive
Operating profit margin increased from 11.2 % to 11.7 %,positive
"In the reporting period , the company 's operating profit grew by 43.2 % to EUR 6 million",positive
"In December alone , the members of the Lithuanian Brewers ' Association sold a total of 20.3 million liters of beer , an increase of 1.9 percent from the sales of 19.92 million liters in December 2004",positive
"Profit for the period totaled EUR 39.4 mn , up from EUR 33.9 mn in the corresponding period in 2006",positive
Incap Contract Manufacturing Services Private Limited has inked agreements with six new customers in India,positive
Revenue grew 12 percent to (  x20ac ) 3.6 billion ( US$ 4.5 billion ),positive
Biohit already services many current Genesis customers and the customer base is expected to expand as a result of this agreement,positive
"( ADP News ) - Oct 29 , 2008 - Finnish lifting equipment maker Konecranes Oyj ( OMX : KCR1V ) said today that its net profit rose to EUR 116.6 million ( USD 149.1 m ) in the first nine months of 2008 from EUR 73.6 million for the",positive
Both the net sales and operating profit were record high in the company 's history,positive
"In 2009 , Fiskars ' cash flow from operating activities amounted to EUR121m , up from EUR97m in the previous year",positive
"Uponor made an operating profit of EUR 151.0 mn , up from EUR 143.7 mn , which made 2007 a record year",positive
Finnish construction group Lemmink+ï¿½inen has been awarded two road building contracts by the Lithuanian transport administration,positive
"However , net sales in 2010 are seen to have grown to EUR598 .3 m from EUR582 .3 m in 2009",positive
"The major breweries increased their domestic beer sales by 4.5 per cent last year , to 256.88 million litres from 245.92 million litres in 2004",positive
"( ADP News ) - Nov 5 , 2008 - Finnish electronic measurement products and solutions maker Vaisala Oyj ( OMX : VAIAS ) said today that its net profit rose to EUR 18 million ( USD 23.1 m ) for the first nine months of 2008 from EUR",positive
"( ADP News ) - Oct 31 , 2008 - Finnish food company Raisio Oyj ( OMX : RAIVV ) said today that its net profit jumped to EUR 16.4 million ( USD 20.9 m ) for the first nine months of 2008 from EUR 1.1 million for the same period of",positive
Olvi has posted a strong set of figures for the first six months of this year,positive
The robust growth was the result of the inclusion of clothing chain Lindex in the Group in December 2007,positive
"At the end of the review period , Nordic Aluminium 's order book stood at EUR 8.77 mn compared to EUR 7.04 in 2005",positive
"Basware Corporation stock exchange release August 31 , 2010 at 16:25 Basware signed a large deal with an international industrial group Basware will deliver Invoice Automation solution and Connectivity Services to an international industrial group",positive
"MANAVIGATOR-September 7 , 2010-Kemira unveils Indian JV with IVRCL Finnish chemicals group Kemira ( HEL : KRA1V ) on Tuesday announced it has inked a deal to form a joint venture in India with local construction firm IVRCL Infrastructure and Projects Ltd ( BOM :530773 )",positive
Last year 's net sales rose to EUR 68.3 million from EUR 62.2 million,positive
The stock rose for a second day on Wednesday bringing its two-day rise to GBX12 .0 or 2.0 %,positive
"Metso expects its net sales to increase by about 10 % in 2008 , at comparable exchange rates",positive
"Operating profit surged to EUR21m from EUR106 ,000",positive
"( ADP News ) - Oct 1 , 2008 - Finnish consulting and engineering company Poyry Oyj ( OMX : POY1V ) said today it was awarded a EUR 5.2 million ( USD 7.4 m ) extension to their existing consultancy engineering contract with Venezue",positive
"In the third quarter , net sales increased by 12 % year-on-year to EUR 159.5 million , or by 6 % at comparable currency rates growth",positive
Sales of security and system packaging increased slightly,positive
Commission income rose by 25.7 % to EUR 16.1 mn from EUR 12.8 mn in 2004,positive
The loss for the third quarter of 2007 was EUR 0.3 mn smaller than the loss of the second quarter of 2007,positive
"Olvi , which controls a 94 percent stake in Ragutis through A. Le Coq , said in its annual report published earlier this year that the Lithuanian brewery 's sales reached 15.04 million euros last year , a rise of 20.4 percent from 12.49 million euros in 2004",positive
` Very recommendable ' is the Nokian Z G2 according to the ` ADAC judgement ' in the latest summer tyre test of the German automobile association ADAC,positive
"Ramirent 's net sales in the second quarterended June 30 were EURO 128.7 million about U.S. $ 163 million , a 3.3-percent increase compared with EURO 124.6 million for thesecond quarter last year",positive
"Profitability ( EBIT % ) was 13.9 % , compared to 13.1 % in the previous-year period",positive
Operating profit improved by 39.9 % to EUR 18.0 mn from EUR12 .8 mn,positive
"( ADP News ) - Feb 11 , 2009 - Finnish management software solutions provider Ixonos Oyj ( HEL : XNS1V ) said today its net profit rose to EUR 3.5 million ( USD 4.5 m ) for 2008 from EUR 3.1 million for 2007",positive
"Both operating profit and net sales for the three-month period increased , respectively from EUR16 .0 m and EUR139m , as compared to the corresponding quarter in 2006",positive
28 October 2010 - Finnish wood products technology supplier Raute Oyj HEL : RUTAV said today it swung to a net profit of EUR3m for the first nine months of 2010 versus a net loss of EUR5 .2 m for the same period a year earlier,positive
"Svyturys-Utenos Alus , which is controlled by the Nordic group Baltic Beverages Holding ( BBH ) , posted a 6.1 percent growth in beer sales for January-September to 101.99 million liters",positive
Sales have risen in other export markets,positive
"( ADP News ) - Sep 30 , 2008 - Finnish security and privacy software solutions developer Stonesoft Oyj said today that it won a USD 1.9 million ( EUR 1.3 m ) order to deliver its StoneGate network security products to an unnamed Russian t",positive
Finnish-Swedish TietoEnator is expanding its business quickly in Russia,positive
This resulted in improved sales figures in Sweden,positive
Marimekko Group 's full-year net sales are estimated to increase by about 10 %,positive
"This location makes the mall a convenient place to shop for consumers from three large residential areas nearby : Jaroszowka , Wysockiego and Zgody",positive
10 February 2011 - Finnish media company Sanoma Oyj HEL : SAA1V said yesterday its 2010 net profit almost tripled to EUR297 .3 m from EUR107 .1 m for 2009 and announced a proposal for a raised payout,positive
Operating profit rose to EUR 13.5 mn from EUR 9.7 mn in the corresponding period in 2006,positive
"The company 's operating income ( EBIT ) totalled EUR 0.0 mn , up from EUR -0.3 mn year-on-year",positive
Nokia was up 0.12 pct to 16.70 eur after kicking off the morning in negative territory,positive
Performance in the second half of 2009 exceeded expectations,positive
"( ADP News ) - Finnish handling systems provider Cargotec Oyj ( HEL : CGCBV ) announced on Friday it won orders worth EUR 10 million ( USD 13.2 m ) to deliver linkspans to Jordan , Morocco and Ireland",positive
Operating profit improved to EUR 20.3 mn from EUR 11.4 mn,positive
"Outotec said it won new orders worth 492.9 mln eur during the quarter , compared with 240.4 mln eur a year earlier",positive
"Net sales rose by 25.5 % year-on-year to EUR59 .6 m , as the number of chargers delivered went up by 41 % to 65.9 million pieces",positive
"a January 11 , 2010 EPHC board of directors has approved an increase in the quarterly dividend from $ 0.03 to $ 0.05 per share",positive
Sales rose 10 pct to 566 mln eur on the back of strong volume and favourable currency effects,positive
"Department store sales improved by 14 % to EUR 1,070.6 mn",positive
"Finnish pulp and paper machinery maker Vaahto Group Oyj swung to a 1.1 mln euro $ 1.4 mln net profit in the fiscal 2005-06 , ended August 31 , 2006 , from a 249,000 euro $ 319,000 net loss in the fiscal 2004-05",positive
"Both operating profit and net sales for the three-month period increased , respectively from EUR15 .1 m and EUR131 .5 m , as compared to the corresponding period in 2005",positive
"Finnish dental care group Oral Hammaslaakarit Oyj posted a total net profit of 849,000 euro $ 1.1 mln in the first nine months of 2006 versus a net loss of 331,000 euro $ 421,000 in the same period of 2005",positive
"The transaction will have a positive impact of around EUR2m on earnings , which Ruukki will recognize during the fourth quarter of this year",positive
"For the current year , Raute expects its net sales to increase and the operating result -- to be positive",positive
"Arvo Vuorenmaa , the Loviisa plant 's general manager said the application for the new licence was a `` standard '' procedure and that he was `` quite confident '' about approval being granted",positive
"Suominen Corporation estimates that the cost-cutting program that started in autumn 2005 , higher sales prices , and expected growth in volume of Wet Wipes , will make the company 's operations more profitable",positive
"Net income from life insurance rose to EUR 16.5 mn from EUR 14.0 mn , and net income from non-life insurance to EUR 22.6 mn from EUR 15.2 mn in 2009",positive
"Pre-tax loss totaled EUR 0.3 mn , compared to a loss of EUR 2.2 mn in the first quarter of 2005",positive
"Pre-tax profit totaled EUR 397.4 mn , up from EUR 164.7 mn",positive
"Earnings per share for the quarter were also higher year-on-year at 0.33 eur versus 0.27 , and above market expectations of 0.28 eur",positive
"The disposal of Autotank will also strengthen Aspo 's capital structure , '' commented Gustav Nyberg , CEO of Aspo",positive
"Operating profit for the three-month period increased from EUR1 .2 m , while revenue increased from EUR20 .2 m , as compared to the corresponding period in 2005",positive
"Order intake grew by 40 % year-on-year and 30 % year-on-year , respectively , to EUR 576 million and EUR 1.7 billion for the respective January-September and July-September 2010 periods",positive
"Systeemitiimi 's sales and project resources will also be strengthened , director Paul Skogberg said",positive
"Jarmo Honkamaa , head of the oil refining business at Neste Oil , says the situation looks promising from their viewpoint",positive
"After the reporting period , BioTie North American licensing partner Somaxon Pharmaceuticals announced positive results with nalmefene in a pilot Phase 2 clinical trial for smoking cessation",positive
Operating profit increased by 145.1 % to EUR 8.3 mn from EUR 3.4 mn,positive
"Revenue in July to September grew 14 percent to ( EURO ) 467 million from a year earlier , the company said Thursday",positive
"Its board of directors will propose a dividend of EUR0 .12 per share for 2010 , up from the EUR0 .08 per share paid in 2009",positive
Operating profit rose to EUR 3.2 mn from EUR 1.0 mn in the corresponding period in 2008,positive
"Net sales will , however , increase from 2005",positive
First quarter underlying operating profit rose to 41 mln eur from 33 mln a year earlier,positive
The acquisition will considerably increase Kemira 's sales and market position in the Russian metal industry coatings market,positive
"The refining margin for the year was $ 13.39 - bbl , compared to $ 10.46 - bbl in the prior year",positive
"Section : Regional News - The demand in Finnair 's Asian traffic , measured in passenger kilometers , was up 34.9 % in August compare to last year",positive
"Finnish investment group Panostaja Oyj said its net profit went up to 8.6 mln euro $ 11.4 mln in fiscal 2005-06 , ended October 31 , 2006 , from 2.8 mln euro $ 3.7 mln in the same period of fiscal 2004-05",positive
"Return on investment was 5.0 % , compared to a negative 4.1 % in 2009",positive
"In the third quarter of 2010 , net sales increased by 5.2 % to EUR 205.5 mn , and operating profit by 34.9 % to EUR 23.5 mn",positive
"According to Nordic financial group Nordea 's analyst Sami Sarkamies , this makes Nokia 's portfolio competitive again",positive
The policy was also aimed at making the companies more profitable and competitive,positive
"Global sports equipment maker Amer Sports Corp. , whose brands include Atomic , Salomon and Wilson , saw a 64 percent increase in third-quarter net profit to EURO 47.4 million $ 65 million on strong sales and cost cuts",positive
"Net interest income totaled EUR 15.9 mn , compared to EUR 15.6 mn a year earlier",positive
Finnish Bank of +ï¿½land reports its operating profit rose to EUR 21.3 mn in the second quarter of 2009 from EUR 6.1 mn in the corresponding period in 2008,positive
"In the end of 2006 , the number of outlets will rise to 60-70",positive
"Earnings per share for January-June 2010 were EUR0 .30 , an increase of 20 % year-on-year EUR0 .25",positive
Sanoma Magazines Finland 's net sales grew to EUR 140.1 mn from EUR 131.8 mn,positive
"Finnish financial group Aktia reports operating profit of EUR 44.4 mn in January-September 2009 , up from EUR 37.3 mn in the corresponding period in 2008",positive
"Key shareholders of Finnish IT services provider TietoEnator Oyj on Friday rejected a hostile EUR1 .08 billion $ 1.67 billion offer from buyout shop Nordic Capital , giving new life to a possible counter offer from Blackstone Group LP and Norwegian telecom Telenor ASA",positive
"Cash flow from operations totalled EUR 7.4 mn , compared to a negative EUR 68.6 mn in the second quarter of 2008",positive
Kone 's net sales rose by some 14 % year-on-year in the first nine months of 2008,positive
"Sales climbed 19.2 pct to 1.002 bln eur , surpassing the 953 mln eur consensus figure",positive
"2010 16 July 2010 - Finnish steel maker Rautaruukki Oyj HEL : RTRKS , or Ruukki , said today it turned to a net profit of EUR20m in the second quarter of 2010 from a net loss of EUR94m in the corresponding period last year",positive
Operating income rose to EUR 696.4 mn from EUR 600.3 mn in 2009,positive
"In the second quarter of 2010 , the group 's pretax loss narrowed to EUR 400,000 from EUR 600,000",positive
"Finnair PLC carried a record 8.8 million passengers in 2006 , an increase of 3.5 percent on the previous year , the Finnish national carrier reported Tuesday",positive
"Raute posted a net profit of 1.8 mln euro $ 2.6 mln for the third quarter of 2007 , compared to a net loss of 299,000 euro $ 430,000 for the corresponding period of 2006",positive
"However , sales returned to growth in April-June 2010 , CEO Pekka Eloholma said",positive
It estimates the operating profit to further improve from the third quarter,positive
Operating profit improved by 44.0 % to ER 4.7 mn from EUR 3.3 mn in 2004,positive
Finnish software developer Done Solutions Oyj said its net profit increased to 3.5 mln euro ( $ 4.6 mln ) in 2006 from 2.3 mln euro ( $ 3.0 mln ) in 2005,positive
"The brokerage said 2006 has seen a ` true turning point ' in European steel base prices , with better pricing seen carrying through the second quarter of 2006",positive
These measures are expected to produce annual cost savings of EUR 1.5 million starting in 2007,positive
"Due to rapid expansion , the market share of Tallink in terms of passenger carriage through Tallinna Sadam Port of Tallinn totaled 55 percent in November against 45.7 percent in November 2005",positive
"ADP News - Nov 13 , 2008 - Finnish printed circuit board PCB maker Aspocomp Group Oyj OMX : ACG1V said today that its net loss narrowed to EUR 2 million USD 2.5 m in the first nine months of 2008 from EUR 5",positive
The fair value of the company 's investment properties grew to EUR 2.803 billion at the end of March 2009 from EUR 2.691 million a year ago,positive
"EBIT totalled EUR 14.4 mn , compared to a loss of EUR 0.3 mn in the corresponding period in 2009",positive
HELSINKI AFX - KCI Konecranes said it has won an order for four hot metal ladle cranes from Indian steel producer Bhushan Steel and Strips Ltd.,positive
"In Lithuania , operating profit rose to EUR 190,000 from EUR 70,000 in the corresponding period in 2005",positive
Operating profit rose to EUR 103.4 mn from EUR 23.2 in the corresponding period in 2006,positive
Stora Enso 's third-quarter pre-tax profit doubled to EUR 197mn,positive
The company moved to an operating profit of EUR10 .9 m versus an operating loss of EUR15 .3 m. It also turned to EPS of EUR0 .08 versus loss per share of EUR0 .04,positive
"Ragutis , which is based in Lithuania 's second-largest city Kaunas , boosted its sales last year 22.3 per cent to 36.4 million liters",positive
"Tiimari , the Finnish retailer , reported to have geenrated quarterly revenues totalling EUR 1.3 mn in the 4th quarter 2009 , up from EUR 0.3 mn loss in 2008",positive
Unit costs for flight operations fell by 6.4 percent,positive
Operating profit excluding non-recurring items increased by 27 % to EUR 81.9 mn from EUR 64.4 mn in the corresponding period in 2008,positive
"Earnings per share ( EPS ) were EUR0 .03 , up from the loss of EUR0 .083",positive
"MegaFon 's subscriber base increased 16.1 % in 2009 to 50.5 million users as of December 31 , while its market share by the number of customers amounted to 24 % as of late 2009 , up from 23 % as of late 2008 , according to TeliaSonera estimates",positive
"Both operating profit and turnover for the six-month period increased , respectively from EUR0 .1 m and EUR29 .0 m , as compared to the corresponding period a year ago",positive
Rapala said it estimates it will make savings of 1-2 mln eur a year by centralising its French operations at one site,positive
Ruukki 's order book at the end of 2010 was 30 % up year-on-year and 10 % up quarter-on-quarter,positive
- UPM-Kymmene upgraded to ` in-line ' from ` underperform ' by Goldman Sachs,positive
"Operating profit was EUR 0.6 mn , up from a loss of EUR 19mn a year earlier",positive
Operating profit rose to 22.1 mln eur from 19.9 mln,positive
"`` This vessel order will help Aspo secure the long-term competitiveness of its fleet , both in terms of technology and pricing",positive
"According to Atria 's President and CEO Matti Tikkakoski , the company 's Swedish operations significantly improved in the first quarter",positive
"Cooper SH , the UK distributor for lift equipment manufacturer Konecranes , won the five-year deal which involves low maintenance and fuel saving technologies",positive
"Finnish software developer Basware Oyj said on November 30 , 2006 its U.S. subsidiary Basware , Inc. won an order to provide software for contract lifecycle management to an unnamed U.S. medical technology company",positive
"Finnish lifting equipment maker Konecranes Oyj said on July 30 , 2008 that its net profit rose to 71.2 mln euro ( $ 111.1 mln ) for the first half of 2008 from 57.1 mln euro ( $ 89.1 mln ) for the same period of 2007",positive
"HELSINKI ( AFX ) - Shares closed higher , led by Nokia after it announced plans to team up with Sanyo to manufacture 3G handsets , and by Nokian Tyres after its fourth-quarter earnings report beat analysts ' expectations , dealers said",positive
Finnish financial group Aktia 's operating profit for 2009 increased to EUR 47.0 mn from EUR 6.6 mn in 2008,positive
"The company 's net profit amounted to EE 55.5 mn , which was 36 % more than in 2004",positive
Finnish KCI Konecranes has raised its net sales growth estimate for 2006 from over 25 % to over 35 %,positive
"Finnish silicon wafer technology company Okmetic Oyj ( OMX Helsinki : OKM1V ) reported on Thursday ( 7 August ) an operating profit of EUR5 .3 m for the period January-June 2008 , up from EUR3 .3 m in the corresponding period in 2007",positive
That would be an increase from estimated sales of 117 million last year,positive
21 October 2010 - Finnish fishing tackle company Rapala VMC Corp ( HEL : RAP1V ) said today its net profit rose to EUR18 .9 m for the first nine months of 2010 from EUR15 .1 m for the same period a year earlier,positive
"Earnings per share ( EPS ) amounted to EUR0 .98 , up from the loss of EUR0 .02",positive
`` The combined activities will create value for shareholders and be good for our employees and customers,positive
"OUTOTEC OYJ PRESS RELEASE DECEMBER 4 , 2009 10.30 AM Outotec establishes a new subsidiary in Kolkata Outotec has established a subsidiary in India in order to better serve its Indian customers and to increase its business in the growing Indian market",positive
Sales increased due to growing market rates and increased operations,positive
"Finnish flexible packaging manufacturer Suominen Corporation reports net sales of EUR 54.5 mn in the first quarter of 2008 , compared with EUR 54.3 mn a year earlier",positive
Orion Pharma 's operating profit increased by 42.5 % from 2004,positive
"Finnish steel maker Rautaruukki Oyj ( Ruukki ) said on July 7 , 2008 that it won a 9.0 mln euro ( $ 14.1 mln ) contract to supply and install steel superstructures for Partihallsforbindelsen bridge project in Gothenburg , western Sweden",positive
"Operating profit was EUR 139.7 mn , up 23 % from EUR 113.8 mn",positive
The economic occupancy rate of Sponda 's property portfolio rose to 91.2 % from 88.8 % in 2006,positive
Operating profit rose to EUR 4.7 mn from EUR 4.6 mn,positive
The company reports a loss for the period of EUR 0.4 mn compared to a loss of EUR 1.9 mn in the corresponding period in 2005,positive
Revenues at the same time grew 14 percent to 43 million euros,positive
Earnings per share were higher at 0.48 against 0.37 a year before and ahead of market consensus of 0.40 eur,positive
"Operating profit totaled EUR 825mn , up from EUR 763mn in 2004",positive
The operating profit for Grain Trading increased to EUR 2.0 mn from EUR 1.4 mn in 2005,positive
"These financing arrangements will enable the company to ensure , in line with its treasury policy , that it has sufficient financial instruments at its disposal for its potential capital requirements",positive
"The restructuring creates a more efficient organization with increased operational focus and stable profitability , and leads to more efficient production , said Bo Annvik , head of Specialty Stainless",positive
"Operating profit of Kauppalehti group rose to EUR 1.5 mn from EUR 1.3 mn , and that of Marketplaces to EUR 1.3 mn from EUR 1.0 mn in the third quarter of 2006",positive
"Sales are expected to increase in the end of the year 2006 , however",positive
"3 February 2011 - Finnish broadband data communication systems provider Teleste Oyj HEL : TLT1V said yesterday its net profit rocketed to EUR4 .8 m in 2010 from EUR416 ,000 in 2009 and it lifted its dividend proposal",positive
Affecto expects its net sales for the whole 2010 to increase from the 2009 level when they reached EUR 103 million,positive
"Viking Line 's cargo revenue increased by 5.4 % to EUR 21.46 mn , and cargo volume increased by 2.4 % to 70,116 cargo units",positive
The company 's market share is continued to increase further,positive
"In January-September 2007 , the group 's net sales from continuing operations rose to EUR 213.1 mn from EUR 172.6 mn in the corresponding period in 2006",positive
"HELSINKI ( AFX ) - Retail and wholesale group Kesko reported net sales of 659.4 mln eur for February , an increase of 10.8 pct year-on-year",positive
"Both operating profit and net sales for the nine-month period increased , respectively by 26.6 % and 3.4 % , as compared to the corresponding period in 2006",positive
"Last week , the Finnish metals and technology group announced plans to sell more than 80 percent of its technology unit to further the company 's strategic goal of becoming the world 's largest stainless steel maker",positive
Passenger volumes rose by 8.4 % in the accounting period,positive
"Previously , EB delivered a custom solution for LG Electronics and now is making it commercially available for other mobile terminal vendors as well as to wireless operators",positive
1 February 2011 - Finnish textile and clothing company Marimekko Oyj HEL : MMO1V said today its preliminary operating profit grew to EUR8 .2 m in 2010 from EUR6 .3 m in 2009,positive
"HELSINKI ( AFX ) - Nokian Tyres reported a fourth quarter pretax profit of 61.5 mln eur , up from 48.6 mln on the back of strong sales",positive
The company anticipates its turnover for the whole 2010 to surpass that of the previous year when it was EUR 67.1 million,positive
"Investors will continue being interested in the company 's share although it is not quite cheap , Affarsvarlden said",positive
Finnish cutlery and hand tools maker Fiskars Oyj Abp ( HEL : FISAS ) said today its net profit rose to EUR 24.1 million ( USD 33.6 m ) in the third quarter of 2010 from EUR 17.9 million a year earlier,positive
It will also strengthen Ruukki 's offshore business,positive
` By separating side businesses we will be able to faster expand and develop Tapro retail network,positive
"Neste oil 's board proposed 1.00 eur dividend for the full-year 2007 , compared with 0.90 eur a year ago",positive
in Q1 2010 18 May 2010 - Finnish electrical components maker Salcomp Oy ( HEL : SAL1V ) said today it turned to a net profit of EUR1 .6 m in the first quarter of 2010 versus a loss of EUR2m in the corresponding period last year,positive
Diluted earnings per share ( EPS ) rose to EUR 0.52 versus EUR 0.09,positive
"Nevertheless , its market share rose to 49.14 percent from 48.51 percent a year earlier",positive
"Operating profit totaled EUR 5.5 mn , up from EUR -0.7 mn",positive
"A Helsinki : ELIiV today reported EPS of EUR1 .13 for 2009 , an increase over EPS of EUR1 .12 in 2008",positive
Operating profit rose from EUR 1.94 mn to EUR 2.45 mn,positive
Uponor improved its performance in spite of the decrease in residential construction in the US,positive
Finnish OKO bank has signed a cooperation agreement with Raiffeisen concerning Finnish companies ' investments in Russia,positive
"For example , net sales increased by 5.9 % from the first quarter , and EBITDA increased from a negative EUR 0.2 mn in the first quarter of 2009",positive
`` The trend in the sports and leisure markets was favorable in the first months of the year,positive
"Finnish silicon wafer technology company Okmetic Oyj OMX Helsinki : OKM1V reported on Thursday 30 October an operating profit of EUR7 .4 m for January-September 2008 , up from EUR6 .1 m in the corresponding period in 2007",positive
Cash flow from business operations totalled EUR 0.4 mn compared to a negative EUR 15.5 mn in the first half of 2008,positive
"mn , and pretax profit to EUR 46.4 mn from EUR 35.8 mn in the third quarter of 2006",positive
"In August-October 2010 , the company 's result before taxes totalled EUR 9.6 mn , up from EUR 0.5 mn in the corresponding period in 2009",positive
Vacon 's cash flow from operations grew to EUR 37.1 mn from EUR 21.9 mn a year ago,positive
Operating profit totaled EUR 17.7 mn compared to EUR 17.6 mn in the corresponding period in 2007,positive
"Profit per share was EUR 1.03 , up from EUR 0.87",positive
"The Lithuanian beer market made up 14.41 million liters in January , a rise of 0.8 percent from the year-earlier figure , the Lithuanian Brewers ' Association reporting citing the results from its members",positive
Finnish metal products company Componenta Oyj net profit rose to 26.1 mln euro ( $ 35.9 mln ) for the first quarter of 2007 from 5.3 mln euro ( $ 7.3 mln ) for the same period of 2006,positive
"Mika Stahlberg , VP F-Secure Labs , said , `` We are excited and proud that F-Secure has been recognized by AV-Comparatives as the Product of the Year",positive
"Profit for the period was EUR 5.9 mn , up from EUR 1.3 mn",positive
Turnover rose to EUR21m from EUR17m,positive
Finnish silicon wafers manufacturer Okmetic Oyj said it swung to a net profit of 4.9 mln euro $ 6.3 mln in the first nine months of 2006 from a net loss of 1.8 mln euro $ 2.3 mln a year earlier,positive
"Pretax profit totalled EUR 2.0 mn , compared to a loss of EUR 159.2 mn in the fourth quarter of 2008",positive
"Operating profit for the nine-month period increased from EUR13 .6 m , while net sales increased from EUR394 .7 m , as compared to the corresponding period in 2005",positive
"Svyturys-Utenos Alus , which is controlled by the Nordic group Baltic Beverages Holding ( BBH ) , posted a 4.7-per-cent growth in beer sales for January-May to 46.22 million litres",positive
Operating profit excluding restructuring costs grew to EUR 44.5 million from EUR 31.7 million while operating profit including restructuring costs showed even larger growth to EUR 38.5 million from EUR 7.4 million,positive
The pretax profit of the group 's life insurance business increased to EUR 36 million from EUR 27 million,positive
Operating profit rose to EUR 3.11 mn from EUR 1.22 mn in the corresponding period in 2009,positive
"`` UPM 's deliveries increased during the third quarter by 4 percent , and the efficiency of operations improved , '' Chief Executive Jussi Pesonen said",positive
"Cost savings will then rise to some 20 mln eur a year from 2007 , OKO said",positive
"In the second quarter of 2010 , Raute 's net loss narrowed to EUR 123,000 from EUR 1.5 million in the same period of 2009",positive
"Finnish energy company Fortum Oyj said on November 13 , 2007 it was granted an environmental permit to build a biofuel-fired combined heat and power CHP plant in Vartan harbor in eastern Stockholm",positive
"Operating profit totalled EUR 83.0 mn , up from EUR 23.5 mn year-on-year",positive
"comparable operating profit totaled EUR 854mn , up from EUR 730mn in 2004",positive
Cargo volume increased by approximately 5 %,positive
"Markets had been expecting a poor performance , and the company 's stock was up 6 percent at  x20ac 23.89 US$ 33.84 in early afternoon trading in Helsinki",positive
"Quarterly diluted EPS on continuing operations came in at 0.21 eur , compared with last year 's 0.12 eur",positive
"In the reporting period , net sales rose by 8 % year-on-year to EUR64 .3 m , due to the business acquisitions realized during the first half of 2008-09 , the effect of which was EUR10 .9 m in the review period",positive
Net sales grew in the period to  x20ac 402 million $ 585US million from  x20ac 401 million in 2006,positive
Shares of Nokia Corp. rose Thursday after the cell phone maker said its third-quarter earnings almost doubled and its share of the global handset market increased,positive
Cision says the sale will return its U.K. operation to profitability,positive
Pretax profit jumped to EUR 21.9 million from EUR 3.1 million,positive
"The company 's order book stood at 1.5 bln euro $ 2.2 bln on September 30 , 2007 , up by 24.2 pct on the year , with international orders amounting to 365 mln euro $ 534.3 mln",positive
8 May 2009 - Finnish liquid handling products and diagnostic test systems maker Biohit Oyj ( HEL : BIOBV ) said today ( 8 May 2009 ) its net loss narrowed to EUR0 .1 m ( USD0 .14 m ) for the first quarter of 2009 from EUR0 .4 m for the same period of 2008,positive
EPS grew to 0.04 eur from 0.02 eur,positive
"Revenue from July to September grew 21 percent to EURO 2.3 billion , the Finnish company said Thursday",positive
The actions are expected to deliver annual cost savings of some EUR15-20m,positive
"Advertising and circulation revenues grew by 3.4 % and by 0.4 % , respectively",positive
"Finnish steel maker Rautaruukki Oyj ( HEL : RTRKS ) , or Ruukki , said today its net loss contracted to EUR 49 million ( USD 68.2 m ) for the first nine months of 2010 from EUR 229 million for the same period a year ago",positive
"Metsaliitto , however , narrowed its net loss for the second quarter of 2007 to 5.0 mln euro $ 6.9 mln from 61 mln euro $ 83.7 mln a year ago",positive
LONDON MarketWatch -- Nokia nok said it 's won a five-year services contract to run Hutchison Essar 's network operations in nine locations in India,positive
Finnish metal industry solutions supplier Outotec Oyj net profit rose to 50.4 mln euro ( $ 72.5 mln ) for the first nine months of 2007 from 20.1 mln euro ( $ 28.9 mln ) for the same period of 2006,positive
Return on equity stood at 18.3 % compared to 15.4 % in the third quarter of 2005,positive
"We succeeded in increasing our market share of sold apartment '' , comments Mr Kari Kauniskangas , Head of YIT International Construction Services",positive
"In January-September 2009 , the Group 's net interest income increased to EUR 112.4 mn from EUR 74.3 mn in January-September 2008",positive
"The earnings per share for the quarter came in at 0.25 eur , up from the 0.20 eur of the same quarter a year earlier",positive
Finnish Rautaruukki has been awarded a contract to supply and install steel superstructures for the Partihallsf+ï¿½rbindelsen bridge in Gothenburg in Sweden,positive
Profit for the period increased from EUR 2.9 mn to EUR 10.5 mn,positive
Diluted earnings per share ( EPS ) rose to EUR 3.68 from EUR 0.50,positive
"4 February 2011 - Finnish broadband data communication systems provider Teleste Oyj HEL : TLT1V saw its net profit jump to EUR2 .1 m for the last quarter of 2010 from EUR995 ,000 for the same period of 2009",positive
"Net interest income was EUR 152.2 mn , up from EUR 101.0 mn in 2008",positive
SCANIA Morgan Stanley lifted the share target on Swedish heavy-duty truck and bus maker Scania AB to 330 crowns ( $ 42.4 - 35.2 euro ) from 310 crowns ( $ 39.8 - 33.1 euro ),positive
"Kesko 's car import and retailing business , VV-Auto , saw sales grow by 17.1 pct",positive
"`` This is a significant milestone for Benefon , helping us to secure critical USP 's for our personal navigation product roadmap for 2007 and beyond , '' commented Simon Button , Chief Technology Officer at Benefon",positive
Efore 's results for the last quarter showed an even faster improvement as the company managed to better source its components,positive
Net sales increased to EUR655m in April to June 2010 from EUR438m a year earlier,positive
Clothing chain Sepp+ï¿½l+ï¿½ 's net sales increased by 7.0 % to EUR 30.8 mn,positive
"Pretax profit rose to EUR 1,019 mn from EUR 1,007 in the corresponding period in 2005",positive
"The world 's second largest stainless steel maker said net profit in the three-month period until Dec. 31 surged to euro603 million US$ 781 million , or euro3 .33 US$ 4.31 per share , from euro172 million , or euro0 .94 per share , the previous year",positive
"However , the proportion of the paid standing orders grew in 2009",positive
"`` The number of collection errors fell considerably , and operations speeded up",positive
The agreement strengthens our long-term partnership with Nokia Siemens Networks,positive
Operating result including non-recurring items rose to EUR 146mn from a loss of EUR 267mn in 2009,positive
"Nokia Multimedia 's net sales totaled EUR 5.7 bn , up 45 % from the corresponding period in 2005",positive
SKF 6 April 2010 - Alandsbanken has given a `` buy '' recommendation on Swedish industrial company SKF AB ( STO : SKF B ) with a share price target of SEK150,positive
The Department Store Division reported an increase in sales of 4 per cent,positive
"Both operating profit and net sales for the 12-month period increased , respectively from EUR21 .5 m and EUR196 .1 m , as compared to 2005",positive
"Shares of Standard Chartered ( STAN ) rose 1.2 % in the FTSE 100 , while Royal Bank of Scotland ( RBS ) shares rose 2 % and Barclays shares ( BARC ) ( BCS ) were up 1.7 %",positive
"As a result , the company currently anticipates net sales to increase and the operating result to be positive",positive
Our standardised services have met with a positive reception among our customers as well as at Itella,positive
Olvi expects sales and market share to increase in the first quarter of 2010,positive
The Group also has a strong global position in other fishing categories,positive
The value of the firm 's forestry holdings increased by SEK 3.6 bn,positive
20 October 2010 - Finnish metal products company Componenta Oyj HEL : CTH1V said yesterday that its net loss narrowed to EUR7m for the first nine months of 2010 from EUR23 .3 m for the same period of 2009,positive
The company expects net sales to significantly increase from 2009,positive
Operating profit rose to EUR2 .4 m from EUR1 .6 m year earlier,positive
"Vaahto Pulp & Paper , of Finnish Vaahto Group , has been awarded an order to renovate Finnish-Swedish forest industry company Stora Enso 's paperboard machine at the Ingerois Board Mill in Finland",positive
Earnings per share EPS rose to EUR 0.11 from EUR 0.03,positive
The bank sees a potential for Getinge share to rise,positive
The company is well positioned in Brazil and Uruguay,positive
"Turun kaupunkin , Finland based company has awarded contract to Lemminkainen Talotekniikka Oy for electrical installation work",positive
The aim is an annual improvement in Ruukki Construction 's operating profit of more than EUR 3 million USD 4.1 m starting in 2009,positive
The diluted loss per share narrowed to EUR 0.27 from EUR 0.86,positive
- Operating profit rose by 26.9 % to EUR 105.8 ( 83.4 ) million,positive
"Operating profit was EUR 24.5 mn , up from EUR 23.0 mn",positive
Finnish Bore that is owned by the Rettig family has grown recently through the acquisition of smaller shipping companies,positive
"OUTOTEC OYJ PRESS RELEASE , FEBRUARY 19 , 2008 AT 11.00 AM Outotec has won two large minerals processing technology orders from Mirabela Mineracao do Brasil Ltda , Brazil and from Cumerio Med JSCo , Bulgaria",positive
Cash flow from operations rose to EUR 52.7 mn from EUR 15.6 mn in 2007,positive
This new partnership agreement represents a significant milestone for both parties,positive
"EBITDA for the year 2009 improved to EUR484m , as compared with EUR472m in 2008",positive
Net sales revenue per passenger is expected to increase,positive
"Theodosopoulos said Tellabs could be of value to Nokia Siemens or Nortel given its `` leading supply status '' with Verizon , along with high-growth products",positive
"Previously , the company anticipated its operating profit to improve over the same period",positive
"With CapMan as a partner , we will be able to further develop our business and continue to focus on providing quality restaurant services for our customers , '' says Christopher Wynne , CEO of Papa John 's Russia",positive
It also turned to earnings per share ( EPS ) of EUR 0.08 versus loss per share of EUR 0.04,positive
"Finnish Talentum reports its operating profit increased to EUR 20.5 mn in 2005 from EUR 9.3 mn in 2004 , and net sales totaled EUR 103.3 mn , up from EUR 96.4 mn",positive
"Finnish telecoms software developer Tecnomen Oyj said on December 5 , 2006 it won a $ 3.3 mln ( 2.5 mln euro ) order to supply an expansion of the charging and messaging systems for the mobile and fixed networks of Brasil Telecom",positive
"Finnish Sampo Bank , of Danish Danske Bank group , reports profit before taxes of EUR 152.3 mn in 2010 , up from EUR 32.7 mn in 2009",positive
"In the fourth quarter of 2008 , net sales increased by 2 % to EUR 1,050.7 mn from EUR 1,027.0 mn in the fourth quarter of 2007",positive
Finnish KCI Konecranes has been awarded an order for four hot metal ladle cranes by Indian steel producer Bhushan Steel & Strips to be delivered in 2007,positive
"The company 's net profit rose 11.4 % on the year to 82.2 million euros in 2005 on sales of 686.5 million euros , 13.8 % up on the year , the company said earlier",positive
With this appointment Kaupthing Bank aims to further co-ordinate Capital Markets activities within the Group and to improve the overall service to clients,positive
Finnish office supplies and computer accessories dealer Beltton-Group Plc said its net profit rose to 1.3 mln euro ( $ 1.7 mln ) in 2006 from 1.13 mln euro ( $ 1.5 mln ) in 2005,positive
The transactions would increase earnings per share in the first quarter by some EUR0 .28,positive
"Both operating profit and net sales for the 12-month period increased , respectively from EUR10 .5 m and EUR28 .8 m , as compared to the financial year 2004",positive
Finnish elevators and escalators maker KONE Corporation said on Tuesday ( 18 March ) that it has received a major order from Sir Robert McAlpine to supply all elevators and escalators for the Watermark Place project in the City of London,positive
"Operating profit totalled EUR 5.8 mn , up from a loss of EUR 1.7 mn in the fourth quarter of 2009",positive
"In January-September 2007 , Finnlines ' net sales rose to EUR 505.4 mn from EUR 473.5 mn in the corresponding period in 2006",positive
"Combining the two producers will create a strong EU-based fertilizer industry capable of meeting global competition , they added",positive
"EPS for the quarter came in at 0.36 eur , up from 0.33 eur a year ago and ahead of forecast of 0.33 eur",positive
"Finnish pharmaceuticals company Orion reports profit before taxes of EUR 70.0 mn in the third quarter of 2010 , up from EUR 54.9 mn in the corresponding period in 2009",positive
"The fair value of the investment properties totaled EUR 2,534.9 mn , up from EUR 2,455.1 mn in 2006",positive
"Bilfinger investors cheered the agreement , pushing shares up 7 % , or & euro ; 3.30 , to & euro ; 50.29 , in afternoon trade",positive
"The total delivery volume of paper businesses in 2010 was 1,155,000 tonnes , up from 1,132,000 tonnes in 2009",positive
"Thus the method will cut working costs , and will fasten the planning and building processes",positive
"In the second quarter of 2010 , the group 's net profit rose to EUR3 .1 m from EUR2 .5 m in April-June 2009",positive
"The fair value of the property portfolio doubled as a result of the Kapiteeli acquisition and totalled EUR 2,686.2 1,259.7 million",positive
"Savon koulutuskuntayhtyma , Finland based company has awarded contract for specialist agricultural or forestry machinery",positive
Finnish forest machinery manufacturer Ponsse 's net sales grew to EUR 51.3 mn in the first quarter of 2010 from EUR 37.5 mn in the corresponding period in 2009,positive
"Operating profit totalled EUR 0.4 mn , up from an operating loss of EUR 0.8 mn year-on-year",positive
"Operating profit was EUR 9.8 mn , compared to a loss of EUR 12.7 mn in the corresponding period in 2009",positive
"Consolidated operating profit excluding one-off items was EUR 30.6 mn , up from EUR 29.6 mn a year earlier",positive
"Foundries division reports its sales increased by 9.7 % to EUR 63.1 mn from EUR 57.5 mn in the corresponding period in 2006 , and sales of the Machine Shop division increased by 16.4 % to EUR 41.2 mn from EUR 35.4 mn in the corresponding period in 2006",positive
"According to Finnish Metso Minerals , the value of the company 's orders has gone up to EUR 1.9 bn in 12 months",positive
"The company said that paper demand increased in all of its main markets , including of publication papers , and that it increased average paper prices by 4 percent compared with last year",positive
"Last year the company raised its turnover to approximately 7 million litas EUR 2 mln , from 6.1 million litas in 2004",positive
The pretax profit of the group 's life insurance business increased to EUR36m from EUR27m,positive
"The chain posted sales of 298 million euros for full 2005 , a rise of 19.5 percent , year-on-year",positive
The investments and operational changes enable additional optimisation of the working hours and thereby further cost savings of some 7 % -9 %,positive
Net sales surged by 30 % to EUR 36 million,positive
Net sales of the Vegetable Oil Business rose to EUR 10.6 mn from EUR 10.1 mn,positive
Satama 's net sales would be higher than the year before,positive
Nordea Group 's operating profit increased in 2010 by 18 percent year-on-year to 3.64 billion euros and total revenue by 3 percent to 9.33 billion euros,positive
"9 September 2010 - Finnish stationery and gift retailer Tiimari HEL : TII1V said today its net sales rose by 2 % year-on-year to EUR5 .7 m in August 2010 , driven by growth in Finland , while demand in the Baltics remained weak",positive
Operating profit improved by 27 % to EUR 579.8 mn from EUR 457.2 mn in 2006,positive
"ADP News - Feb 25 , 2009 - Finnish printed circuit board PCB maker Aspocomp Group Oyj HEL : ACG1V said today it swung to a net profit of EUR 300,000 USD 385,000 for 2008 versus a net loss of EUR 65.3 millio",positive
"Raisio 's bid to buy Glisten is a `` win-win '' deal for both companies , the chairman of the UK snacks firm told just-food today 10 February",positive
"Operating profit was EUR 11.4 mn , up from EUR 7.5 mn",positive
"Operating profit totalled EUR 7.0 mn , up from a loss of EUR 4.0 mn in the second quarter of 2009",positive
"`` We 're delighted with the move '' says Morna Cowie , co-owner , above , `` it 's double the size of our current shop and has a lovely feel to it . '",positive
Ruukki forecast a 15-20 % annual sales growth and a positive pretax result for 2010,positive
15 December 2010 - Finnish-German telecoms equipment maker Nokia Siemens Networks said today it won a contract to upgrade the radio network of home-based telecommunications company Elisa Oyj HEL : ELI1V,positive
"Equity ratio was 60.9 % compared to 54.2 % In the third quarter of 2007 , net sales of the Frozen Foods Business totaled EUR 11.0 , up by about 5 % from the third quarter of 2006",positive
"In the second quarter of 2010 , the company 's net profit was EUR1 .7 m compared to a net loss of EUR1 .3 m in April-June 2009",positive
Finnish consumer packaging manufacturer Huhtamaki Oyj said it swung to a net profit of 84.1 mln euro $ 105.6 mln in the first nine months of 2006 from a net loss of 2.6 mln euro $ 3.3 mln in the same period of 2005,positive
"The company recorded revenues of E658 .1 million during the fiscal year ended December 2007 , an increase of 23 % over 2006",positive
"Sales in Latin America increased by 42 % to EUR 432mn , and a total of 8.7 mn mobile devices were sold in the area , representing an increase of 32 % from the corresponding period in 2009",positive
"Both operating profit and turnover for the three-month period increased , respectively from EUR0 .9 m and EUR8 .3 m , as compared to the corresponding period in 2005",positive
Net sales of Finnish food industry company L+ï¿½nnen Tehtaat 's continuing operations increased by 13 % in 2008 to EUR 349.1 mn from EUR 309.6 mn in 2007,positive
"Progress Group , QPR 's representative in Saudi Arabia and North Africa , has signed a framework agreement for a long term strategic relationship with ISE",positive
"Finland 's leading metals group Outokumpu said its fourth-quarter net profit more than tripled on the back of strong global demand for stainless steel , soaring base metal prices and proceeds from the sale of its technology unit",positive
The company will make its marketing and sales investments initiated in 2009 even more efficient in 2010,positive
Finnish department store chain Stockmann Oyj Abp net profit rose to 39.8 mln euro ( $ 56.8 mln ) for the first nine months of 2007 from 37.4 mln euro ( $ 53.4 mln ) for the same period of 2006,positive
"`` Lining stone sales were also good in the early autumn , and order books are strong to the end of the year",positive
"Finland 's national carrier Finnair PLC carried a record 8.5 million passengers in 2005 , an increase of 4.5 percent on the previous year , the airline reported Tuesday",positive
`` We are pleased with the efforts of both negotiating teams and look forward to a productive four years ahead . ',positive
Exports grew 16.5 percent to 19.1 million liters,positive
"The sale , which will result in a gain of some EUR 60 million in the second quarter of 2010 for Oriola-KD , supports the Finnish company 's strategy to focus on pharmaceutical wholesale and retail operations",positive
"Thanks to the multiplying effect of wagon performance , transport will be much more efficient , '' says development manager Juha Malkia from VR Cargo",positive
"Operating profit totalled EUR 21.1 mn , up from EUR 18.6 mn in 2007 , representing 9.7 % of net sales",positive
"Having a China based operation will not only enable us to fully leverage our resources and expertise in wireless solutions , but also strengthen our capability to offer industry-leading products for our customers in China . '",positive
"Finnish construction group Lemminkainen Oyj HEL : LEM1S said today it has won a contract to provide technical services for the Nevsky Centre shopping mall to be opened in November in St Petersburg , Russia",positive
"Talentum expects that the net sales of its core business will increase in 2008 , compared to 2007",positive
"Fiskars Brands report net sales of EUR 145.8 mn , up from EUR 138.4 mn",positive
Production capacity will increase from 36 000 to 85 000 tonnes per year and the raw material will continue to be recycled paper and board,positive
"Tiimari Latvian representative Ineta Zaharova said that the company earned LVL 122,000 in 2005 profit , which is 20 times more that in 2004",positive
"HELSINKI ( Thomson Financial ) - Kone said it has won four orders in Saudi Arabia , United Arab Emirates and Qatar worth 40 mln eur",positive
Circulation revenue has increased by 5 % in Finland and 4 % in Sweden in 2008,positive
"However , the broker gave an `` outperform '' recommendation on the stock",positive
"Citigroup , Inc ( NYSE : C ) has announced that its Global Transaction Services ( GTS ) business has been awarded a new mandate by Finland-based Pohjola Bank Group",positive
"Finnish construction company YIT Oyj said on November 13 , 2007 it won a 70 mln euro $ 102.8 mln contract to construct the new office building for local property company Tapiola Real Estate Oy",positive
"In Sweden , operating profit for the period under review totaled EUR 3.4 mn , up 30.8 % from the corresponding period in 2005",positive
"In the first quarter of 2010 , the mark-to-market result was a pretax profit of EUR 133 million versus a loss of EUR 32 million in the same period last year",positive
"Finnish security and privacy software solutions developer Stonesoft Oyj said on January 7 , 2008 that the preliminary sales of its StoneGate products grew by 59 pct year-on-year to 3.6 mln euro ( $ 5.3 mln ) for the fourth quarter of 2007",positive
Passenger-related revenue rose by 5.1 % to EUR 460.8 mn from EUR 438.5 mn in 2009,positive
It also turned in earnings per share ( EPS ) of EUR 0.44 versus loss per share of EUR 2.26,positive
Major Order in India Comptel Corporation has received a significant long-term order for mediation and provisioning solutions being used by a leading operator in India,positive
The acquisition will have an immediate positive impact on Aspocomp 's financial result,positive
"Finnish high technology provider Vaahto Group reports net sales of EUR 41.8 mn in the accounting period September 2007 - February 2008 , an increase of 11.2 % from a year earlier",positive
"Kalnapilio-Tauro Grupe ( Kalnapilis-Tauras Group ) , which is owned by Denmark 's Royal Unibrew , raised its market share to 25.18 percent from 23.74 percent , as beer sales for the seven months jumped by 14.5 percent to 40.5 million liters",positive
The company also said that in Poland a profitability program has been launched at the Oborniki steel frame and sandwich panel plant,positive
"The last quarter was the best quarter of 2009 in net sales , and the operating margin rose to 12.2 %",positive
"October-December sales were 302 mln eur , or a 25.3 pct increase year on year",positive
"However , sales volumes in the food industry are expected to remain at relatively good levels in Finland and in Scandinavia , Atria said",positive
Its market share widened to 48.51 percent from 48.31 percent a year earlier,positive
"Profit for the period was EUR 9.8 mn , up from EUR 6.0 mn in 2004",positive
"Both operating profit and turnover for the nine-month period increased , respectively from EUR2 .4 m and EUR43 .8 m , as compared to the corresponding period a year ago",positive
"For the first nine months of 2010 , Talvivaara 's net loss narrowed to EUR 8.3 million from EUR 21.9 million for the same period of 2009",positive
"Profit after taxes was EUR 0.1 mn , compared to EUR -0.4 mn the previous year",positive
"Finnish Suominen Corporation that specialises in wet wipes , nonwovens , and flexible packaging reports net sales of EUR 44.1 mn in the second quarter of 2010 , up from EUR 43.3 mn in the second quarter of 2009",positive
EBIT margin was up from 1.4 % to 5.1 %,positive
"The Helsinki-based company , which also owns the Salomon , Atomic and Suunto brands , said net profit rose 15 percent in the three months through Dec. 31 to (  x20ac ) 47 million ( $ 61US million ) , from (  x20ac ) 40.8 million a year earlier",positive
"The financial impact is estimated to be an annual improvement of EUR2 .0 m in the division 's results , as of fiscal year 2008",positive
"( ADP News ) - Dec 11 , 2008 - Finnish construction and engineering company Outotec Oyj ( OMX : OTE1V ) said today it won a EUR 28 million ( USD 36.8 m ) order to expand the phosphate concentrator in Siilinjarvi of Norwegian miner",positive
The EPS improved to EUR0 .38 from EUR0 .27,positive
"Cash flow from operations totalled EUR 2.71 mn , compared to a negative EUR 0.83 mn in the corresponding period in 2008",positive
Finnish Vacon has signed significant deals with Norwegian Scandinavian Electric Systems ( SES ) on the supply of AC drives,positive
"By 14:29 CET on Monday , shares in Bavarian Nordic had climbed 1.21 % to DKK250 on the stock exchange in Copenhagen after having lost 7.41 % in the past month",positive
The rationalization of the operations seeks to achieve over EUR 1 million in yearly savings as from the second quarter of the current financial year,positive
Cargotec Germany GmbH has been awarded a contract by Stadtverwaltung Mainz for chassis bodies under Open procedure,positive
"Excluding non-recurring items , pre-tax profit surged 45 % to EUR80m",positive
"The six breweries recorded a 5.2 percent growth in domestic beer sales last year to 270.21 million liters , from 256.88 million liters sold in 2005",positive
"LONDON AFX - Shares in Rautaruukki Corp have been upgraded to ` hold ' from ` sell ' by ABN Amro , with the price target raised to 25.75 eur from 14.5 , said dealers",positive
"In the first nine months of 2010 , the company 's net loss narrowed to EUR415 ,000 from EUR7 .4 m for the corresponding period of 2009",positive
"Both operating profit and net sales for the 12-month period increased , respectively from EUR20 .8 m and EUR177 .7 m , as compared to the financial year 2004",positive
It therefore seems that Finnish shipping company Viking Line will get the subsidy it needs to order its new LNG-fuelled vessel,positive
"Both operating profit and net sales for the six-month period increased , respectively from EUR7 .5 m and EUR655 .5 m , as compared to the corresponding period in 2005",positive
`` Our customer has been satisfied with Basware Invoice Automation solution and extends the implementation to new geographies,positive
"Both operating profit and turnover for the six-month period increased , respectively , from EUR17 .6 m and EUR1149 .9 m , as compared to the corresponding period in 2007",positive
Operating profit of the Asian plants grew markedly,positive
"Turnover surged to EUR61 .8 m from EUR47 .6 m due to increasing service demand , especially in the third quarter , and the overall growth of its business",positive
